{"rouge1": [0.49509378954589334, 0.4962239686613793, 0.4968505673578994, 0.4971101694591985, 0.498329950577063, 0.4985725734396391, 0.49917870967017863, 0.49942442256721165, 0.4994011659242411, 0.49939152702071476, 0.49976723546910473, 0.49984494583373773, 0.49987194438788607, 0.4998097569850771, 0.49949185301460974, 0.49957795804461813, 0.49943446460285656, 0.4993908935501449, 0.49943418577162096, 0.49943661396710615, 0.49939856278086825, 0.4993812413033686, 0.4993345649506862, 0.49924540433593306, 0.499201195004422, 0.4992555999999897, 0.4992041261278098, 0.49911666888001616, 0.4991103802744855, 0.49910227074626623, 0.4990851372911562, 0.4991423711826277, 0.49909509831915083, 0.49917012094711666, 0.4991770071437069, 0.4991756500503459, 0.4991908753444694, 0.4991717841637429, 0.499181913971417, 0.4991160547570613], "rouge2": [0.2438839265667433, 0.24370313613870392, 0.24361894863088476, 0.24381410211692184, 0.24444860066237395, 0.2445598680377884, 0.24458994895788258, 0.2446090266982143, 0.24440045777218294, 0.24410774482949882, 0.24416765050969855, 0.24415889424660459, 0.24404146908208313, 0.24393623766963246, 0.24368271397916696, 0.2434357923088776, 0.2432452279821969, 0.2431133913540498, 0.24295641418091604, 0.24295407177792924, 0.24286415348910542, 0.2428409470985209, 0.24270790913820153, 0.24244757553475596, 0.24230792572897727, 0.242140312778185, 0.2419535061002352, 0.24176453682937588, 0.24164530181373808, 0.24151977826807725, 0.24130842241264736, 0.24116519359125438, 0.24113090719260766, 0.24090054820257784, 0.24078784101193287, 0.2407733797008914, 0.24062496593173993, 0.24056822263243566, 0.24035565932269906, 0.24034809379579591], "rougeLsum": [0.4535888229507118, 0.45374965405094236, 0.45416485552482977, 0.45425152621518217, 0.4549451014664252, 0.4550031943329193, 0.4554035884571568, 0.45521822733453565, 0.4551859744107314, 0.45512275590496276, 0.4554854784031307, 0.45543661745196146, 0.4553262211818483, 0.45523843384615936, 0.45494119002105027, 0.4549368045220663, 0.4549053741392059, 0.45474147604108994, 0.4545882881884842, 0.454576889299172, 0.454328952261398, 0.45440712206713274, 0.45415724097864907, 0.4540832193550779, 0.4539942804127123, 0.4538867154936217, 0.45384991680446063, 0.45378748553658055, 0.45364573340605385, 0.4536830101046331, 0.45359776173972854, 0.4535416202756981, 0.45352470372390064, 0.45353285031651613, 0.4534733122769462, 0.4535316027675189, 0.4534876646168275, 0.4535413669816456, 0.45355813874822626, 0.4534789345713551]}