{"rouge1": [0.48353397156796574, 0.494688001862229, 0.5030377417053878, 0.5097158653524994, 0.5165019558128287, 0.5220274634560989, 0.5269569007637427, 0.5315956204673652, 0.5357237114037263, 0.5394822135235604, 0.5426777067817977, 0.545828041396277, 0.5486295691786715, 0.5514052157001892, 0.5538228300749233, 0.5559800765962999, 0.5582013052803856, 0.5603019029575027, 0.5621881006812467, 0.5637893208955346, 0.5654014196668591, 0.5669974618876972, 0.5684913792399238, 0.5698437357631978, 0.5710950439345293, 0.5723181059013847, 0.5735659352085167, 0.5746271619596642, 0.5756194397962803, 0.5766519775284992, 0.5776571870250329, 0.5786536926646285, 0.5795090429056672, 0.5803148567145193, 0.5811463807713377, 0.5818911805406166, 0.582664651799718, 0.583339141108921, 0.5841002278470595, 0.5846531328466273], "rouge2": [0.23630240566575722, 0.24885566180808447, 0.2576358899705582, 0.2650115524798517, 0.27272260965393724, 0.27938172681982, 0.2847624329977696, 0.28958357510385146, 0.2937937732461762, 0.298061211604297, 0.3018232768057551, 0.3051007233526805, 0.3082903791024134, 0.31134852446438355, 0.3139474830208857, 0.3165946995783563, 0.318928052803381, 0.32128006130182596, 0.3234277374109237, 0.3254943015759073, 0.32742778511325266, 0.32925442889534584, 0.3308740625977963, 0.3325864189947657, 0.3341074455986901, 0.3355125110487741, 0.33695123192339604, 0.33817274993554064, 0.3394393533673837, 0.34076556860713775, 0.3418921779664996, 0.3429361905231889, 0.3439296863828553, 0.34502866837777196, 0.3459438218577582, 0.3469214745180621, 0.34788169055314155, 0.3487482907345296, 0.34954702422129325, 0.3503924733604208], "rougeL": [0.40065493589452716, 0.411895350468934, 0.4210737191895879, 0.428337740137984, 0.4353554594439767, 0.4413747256311772, 0.4465871153802202, 0.45083858617735345, 0.45496698440608074, 0.4586307610434964, 0.46200189886291565, 0.4650699100717365, 0.4679532904340603, 0.4704788898215062, 0.4729253038343693, 0.47511213424504717, 0.4773299499601479, 0.4792866687325873, 0.48112189421818413, 0.4828393604734925, 0.4844587080999544, 0.4859872423837017, 0.48741120432906687, 0.488914161160795, 0.49006737190981764, 0.49131381958324094, 0.4925154623207101, 0.49355470780369415, 0.49463913006415816, 0.4956589193170503, 0.4965753069523501, 0.49748593390601625, 0.4984144509785803, 0.49920106399960745, 0.4999834722153802, 0.5007276161392321, 0.501532617401141, 0.5021125360903362, 0.5028358074786998, 0.5034840550117439], "rougeLsum": [0.4005062370902799, 0.41194633225898475, 0.42090058040430417, 0.42827448121436507, 0.43547306161051613, 0.44140788854945856, 0.44649013862670406, 0.45083141151148654, 0.4550185845235879, 0.4586445624259856, 0.46212106518242924, 0.4652212591685189, 0.46795228743686834, 0.4704905085469415, 0.47291289323123864, 0.4752066249026854, 0.47731765157208805, 0.4792119708284188, 0.4811614197565611, 0.4828620032572647, 0.484440854477429, 0.4859878240647747, 0.48740640172203076, 0.48885726874081914, 0.49010511348294533, 0.4912776440771276, 0.4924581112662739, 0.4936569052977494, 0.4946396884523063, 0.49570593746261626, 0.4966268601233628, 0.49755393498274314, 0.4984142139980138, 0.4991747821452827, 0.4999635022618247, 0.500746447901872, 0.5015400876055497, 0.5021976660017415, 0.5028845435813621, 0.5034654038554818]}