{"rouge1": [0.49511740704633167, 0.506070229931247, 0.514000908665128, 0.5204447877749994, 0.5275253020384298, 0.5333335748771073, 0.53828810255662, 0.5427802804448072, 0.5468727422391881, 0.5508654024267261, 0.5542064452809664, 0.5571478821145353, 0.5601258578135841, 0.5628598591594638, 0.5653419296619565, 0.5676215711715374, 0.5698741526593059, 0.5719779331025533, 0.5735755480694814, 0.5755511468270298, 0.5770168931971592, 0.5786803669404879, 0.5800917575692878, 0.5814703101797378, 0.5827311349936379, 0.5839233358445445, 0.5851014988956793, 0.5862001728172939, 0.5872196499095443, 0.5882301993088066, 0.5892926869956887, 0.5901579522446736, 0.59101057245319, 0.5918264878844202, 0.5926660012194505, 0.5934128797585578, 0.5942134344315042, 0.5948887221562615, 0.5955476806244274, 0.5961834097345684], "rouge2": [0.24338907963163475, 0.25536597553369234, 0.2635249499158311, 0.2706891364882238, 0.2788244513094727, 0.28518766118743477, 0.290836543078088, 0.2957317567008878, 0.30009499433204756, 0.3043498729032497, 0.3080608836411059, 0.31130735852323477, 0.31464876303695766, 0.31784293906962147, 0.32060940392318915, 0.32319471143065576, 0.3256895318716122, 0.3281100624419244, 0.330193929308351, 0.3322227276921813, 0.3342339883552785, 0.33606410714795637, 0.3378137964188257, 0.339341431186558, 0.34103097390410947, 0.3425651687767206, 0.3439071396668584, 0.345336026887939, 0.3465053106065052, 0.3478241343310523, 0.3489586575129952, 0.3501584962151737, 0.3512558571911575, 0.352241217444858, 0.353176833111324, 0.35416156620812367, 0.3549872580175298, 0.35597368069984425, 0.3568960757305366, 0.3577712584053779], "rougeL": [0.409747263285556, 0.4201230911351559, 0.42867957599355155, 0.43583051588360266, 0.44298335182608567, 0.44895467313166026, 0.45401016004191086, 0.4585772947073259, 0.46287205371901996, 0.4666992240735448, 0.47034615250380807, 0.473242962389321, 0.4763620171730578, 0.4790809099168767, 0.4814818049434878, 0.4837005905820945, 0.4859221958173343, 0.4878531434392892, 0.48981050628236866, 0.4914793903605373, 0.49326090392179295, 0.4947857112603915, 0.4962433220867976, 0.4976138497375667, 0.4989229749818265, 0.5001714474825224, 0.5012965456647595, 0.5025896881853875, 0.5035365274875359, 0.5045809094474101, 0.5055136702585193, 0.5064660572488453, 0.5073552577136511, 0.5082478692663338, 0.5089312999029654, 0.5096956281064181, 0.510411036921824, 0.5111490425452283, 0.5117980674126308, 0.5124916186534192], "rougeLsum": [0.45362990342343135, 0.4643288806531918, 0.4722321797725435, 0.47899324514298913, 0.48572212151068794, 0.4915182733030513, 0.4966183866566497, 0.5012018328468961, 0.5052672330668171, 0.5092020121647793, 0.5125017573444908, 0.5155068735424049, 0.5183929471355874, 0.5211588961319582, 0.5234732179305351, 0.5257749803614746, 0.5280623640344919, 0.5300281062397885, 0.531849431237611, 0.5335868484672741, 0.5350877164887637, 0.5367593656802956, 0.538107726406885, 0.539476688945633, 0.5406822881770481, 0.541835039772853, 0.5430989550368188, 0.5441220871974086, 0.5452399478816716, 0.5461273373606854, 0.5470707909583286, 0.5480538310192566, 0.5488225969110428, 0.549701077172555, 0.5504112298439157, 0.5512251019978252, 0.5520287551804547, 0.5525682306668509, 0.553268409359401, 0.5539299305001101]}