{"rouge1": [0.4950448907846337, 0.503591347798047, 0.5103320814467742, 0.5160332928748173, 0.522171620715745, 0.5266542076115596, 0.5320417187760551, 0.5360048632920474, 0.5398384719849246, 0.5432169465107294, 0.5463529034129719, 0.5489767837720738, 0.5521033810915182, 0.5545498787467535, 0.5571708060735469, 0.5590376081254095, 0.5607434298486714, 0.5629388665139905, 0.5647574840658449, 0.5665240880940242, 0.5681075558630757, 0.5694623802801153, 0.5708274327854465, 0.5724584116809723, 0.5736018726337666, 0.5746580968507077, 0.5756721833387789, 0.5768791890312834, 0.5778196967738722, 0.5788047308022836, 0.5796735302938547, 0.5805114599592313, 0.5813848146504123, 0.582193654775595, 0.5831800064635826, 0.5838741553310188, 0.5845200283537669, 0.5852240774686165, 0.5857614771534709, 0.586471551020751], "rouge2": [0.24985827390697396, 0.2581173246409955, 0.2653282314487826, 0.2718408701192677, 0.27910638306710733, 0.2850543867845306, 0.2904912300400526, 0.2947268682535363, 0.29861021724556863, 0.30242867597066725, 0.30572015283616727, 0.3092588683767158, 0.31236330506977866, 0.3153025747036769, 0.3178301698160452, 0.3200991178360534, 0.322539883016927, 0.32454292817786257, 0.3267174503598987, 0.328451738046984, 0.33037859217217813, 0.33233659597614157, 0.33372204801573846, 0.33542608948064495, 0.3369101621878764, 0.3381750121925666, 0.3395982811248889, 0.3407560530018933, 0.34193945318838803, 0.3433389779492577, 0.34460555607664484, 0.3454664496428807, 0.34622883952600014, 0.347506684306746, 0.3484583504319709, 0.3492155277252889, 0.35031842554791676, 0.3510436616814113, 0.35168449987131434, 0.35251861002634766], "rougeL": [0.41163956646889066, 0.4203914921265878, 0.4279971700711219, 0.43469700220809554, 0.4412634974611588, 0.4464403575452584, 0.45156436581235726, 0.4552530480911616, 0.4593044665708709, 0.46264986749349896, 0.46601883278868184, 0.46884184813911906, 0.4714547381572891, 0.47389680860708977, 0.47632371935179296, 0.47817383618108317, 0.4802724739366742, 0.4822223210716421, 0.48395739111513325, 0.4856825061637846, 0.4871558029471629, 0.4886252153076975, 0.48988052880523736, 0.4913576390939437, 0.4926761194288793, 0.49358255936343026, 0.49485946584894686, 0.4959375860234943, 0.4968507615686634, 0.4978997114462772, 0.4988666769634465, 0.49962120760230355, 0.5004024446729332, 0.5011949980069117, 0.5020364555424023, 0.502715185293822, 0.5034915167321126, 0.5041713622240419, 0.5046974477290705, 0.5055243988571008], "rougeLsum": [0.41237720529528893, 0.42053954836466473, 0.4285818179401343, 0.43484994973235624, 0.44097144714351716, 0.44654666782628805, 0.45093325154133146, 0.4555031223594955, 0.45910756703589223, 0.46282270862783165, 0.46622498452484906, 0.4687989978785448, 0.4712713640273808, 0.47378629574065384, 0.47599426651487253, 0.47824815216508926, 0.4804395544216853, 0.4823970404750079, 0.48414408943815773, 0.4855277961285306, 0.48698625209150187, 0.4886421466735662, 0.4900569361908391, 0.49141838690882905, 0.4925877341304673, 0.4938117108951592, 0.4947926256857838, 0.4960372216751493, 0.49680817973994196, 0.49786884201000875, 0.49887770145936083, 0.49968890155777496, 0.5005046920493831, 0.5012567412210668, 0.5021572216140848, 0.5026976412140151, 0.5035101066287582, 0.5041627592262405, 0.5048024402943352, 0.5054832858669654]}