{"rouge1": [0.4833501367522237, 0.49478094706521464, 0.5028678732349239, 0.5096945342534669, 0.5166557223198956, 0.5221955940096039, 0.5272044477383129, 0.5315948620274886, 0.5356187913019733, 0.5394843004656569, 0.5427718855174611, 0.5459030957303871, 0.5487625868261291, 0.5513979861465641, 0.5538460800434291, 0.5560969637323367, 0.55823508679169, 0.5602580648108022, 0.5620514919920746, 0.5637740073721461, 0.5654829600401456, 0.566965552966856, 0.5684241651707591, 0.5698375642705465, 0.571121731023899, 0.5723411850028194, 0.5734729053513166, 0.5746251791737282, 0.575714341338409, 0.5767302980153094, 0.5776898663635787, 0.5785952659369898, 0.5795293316244252, 0.5803257961382202, 0.5811362176457784, 0.5818772941510838, 0.5826332648823336, 0.583359992300412, 0.5840334810493255, 0.5846479738157979], "rouge2": [0.23600993243420917, 0.24562806429104772, 0.2513100091533351, 0.25676074058452036, 0.2628314413253904, 0.2676113963339687, 0.2718641124305703, 0.2752546175124978, 0.2783451111849955, 0.2815208403473668, 0.2840025161512356, 0.28621717324089335, 0.28836851577816447, 0.2902267747391154, 0.29223096493606926, 0.2938747861968867, 0.295708718702574, 0.2970159172676517, 0.29844858036040744, 0.29978988732115774, 0.30102497343841417, 0.3022994030759336, 0.3033304332330292, 0.304423013693609, 0.30542673268521436, 0.30640471868041574, 0.30723981224656655, 0.3081243684234387, 0.30900224266495185, 0.3096330751659987, 0.3104156426340937, 0.3109436866658136, 0.3117241167789566, 0.31230248751092193, 0.3128978634065801, 0.31339009911782906, 0.31396171693760566, 0.31446058161141577, 0.3150163895961541, 0.3155309199441786], "rougeL": [0.40046301592851685, 0.4089366637788808, 0.4155363350019591, 0.42052087193632026, 0.42542801316686096, 0.429839861461439, 0.43339621510181353, 0.4367222514910243, 0.43968002513838755, 0.44232166034977116, 0.44446161660275146, 0.4464095628686089, 0.44835633919252105, 0.4500631957012292, 0.45166879740482496, 0.4532404882955531, 0.4547483737080864, 0.45578208019248356, 0.45722289329828547, 0.4581432900948955, 0.45917541963635805, 0.4601641492976859, 0.4611014376513684, 0.46199739695127656, 0.4628100818200477, 0.46349675288712655, 0.4644114959523767, 0.4650146036098164, 0.4656687715935699, 0.46633383068592926, 0.4668285502063031, 0.46740951215593507, 0.46798415973927643, 0.4684463913186697, 0.4689901859371026, 0.46940834203357795, 0.4698746675409866, 0.4701665045304878, 0.4705795135458346, 0.47089107591322116], "rougeLsum": [0.40054201540741907, 0.40899746821355687, 0.41532334600272036, 0.4203749804561509, 0.42559230216632415, 0.4297864454127134, 0.4336671088709694, 0.4366084920617714, 0.4395851954901385, 0.44218780812565517, 0.444599096198298, 0.44658210101966767, 0.4484352855834739, 0.45012918043133854, 0.45171330079050315, 0.4532110313233635, 0.4546251064790243, 0.45590201086255877, 0.45714289165608535, 0.4582320548125288, 0.4592620889101767, 0.46018619407142236, 0.46110939436670373, 0.4619234819410785, 0.4627094098420673, 0.4634703342141033, 0.46427480298653223, 0.4650122822601964, 0.4657066209271016, 0.4662225294627968, 0.46688462955108034, 0.46737836821266754, 0.46798357184515776, 0.468531111447421, 0.4689735224830416, 0.46930581858576803, 0.46976719025028735, 0.4702204723733401, 0.470570700878683, 0.4709098576990668]}